building_code,building_name,floor,room_no,name,type
3-0,농업생명과학대학 본관,1층,101호,시청각실,교육공간
3-0,농업생명과학대학 본관,1층,104호,전산실,교육공간
3-0,농업생명과학대학 본관,1층,105호,컴퓨터제어실,기타/도면 표기
3-0,농업생명과학대학 본관,1층,106·107호,강의실,교육공간
3-0,농업생명과학대학 본관,1층,109호,전시실,공용·지원공간
3-0,농업생명과학대학 본관,1층,109호,수리학실험실,실험·연구공간
3-0,농업생명과학대학 본관,1층,111호,재료실험실,실험·연구공간
3-0,농업생명과학대학 본관,1층,112호,토질역학실험실,실험·연구공간
3-0,농업생명과학대학 본관,1층,113호,구조공학실험실,실험·연구공간
3-0,농업생명과학대학 본관,2층,201호,경영컨설팅,기타/도면 표기
3-0,농업생명과학대학 본관,2층,215호,농업과학기술연구소,연구·사업기관
3-0,농업생명과학대학 본관,2층,213호,센터행정실,행정공간
3-0,농업생명과학대학 본관,2층,211호,학장실·농업개발센터,행정공간
3-0,농업생명과학대학 본관,2층,209호,부학장실,행정공간
3-0,농업생명과학대학 본관,2층,228호,행정실,행정공간
3-0,농업생명과학대학 본관,2층,227호,제도준비실,실험·연구공간
3-0,농업생명과학대학 본관,2층,207·217·218호,강의실,교육공간
3-0,농업생명과학대학 본관,3층,302~303호,강의실,교육공간
3-0,농업생명과학대학 본관,3층,313호,공동기기분석실,실험·연구공간
3-0,농업생명과학대학 본관,3층,309호,동물자원학과부 학생·학술 공간,기타/도면 표기
3-0,농업생명과학대학 본관,3층,330호,산림자원학과 사무실,행정공간
3-0,농업생명과학대학 본관,3층,329호,세미나실,공용·지원공간
3-0,농업생명과학대학 본관,3층,도면 참조,수목·육종·환경임업·산림공학 실험실,실험·연구공간
3-0,농업생명과학대학 본관,4층,401호,쌀산업연구실,실험·연구공간
3-0,농업생명과학대학 본관,4층,402호,농촌생활환경설계실,기타/도면 표기
3-0,농업생명과학대학 본관,4층,403호,산림자원학과 종합기기실,실험·연구공간
3-0,농업생명과학대학 본관,4층,406-1호,WISE 전북지역센터,연구·사업기관
3-0,농업생명과학대학 본관,4층,407호,환경미생물배양실,기타/도면 표기
3-0,농업생명과학대학 본관,4층,408호,생물산업기계 학생공간,기타/도면 표기
3-0,농업생명과학대학 본관,4층,414호,제도실,교육공간
3-0,농업생명과학대학 본관,4층,415호,학생실험실,실험·연구공간
3-0,농업생명과학대학 본관,4층,416·417호,산림경영·보호 실험실,실험·연구공간
3-0,농업생명과학대학 본관,4층,423호,강의실,교육공간
3-1,농업생명과학대학 1호관,1층,100호,식물유전자원센터,연구·사업기관
3-1,농업생명과학대학 1호관,1층,101~102호,작물·식물유전 관련 공간,기타/도면 표기
3-1,농업생명과학대학 1호관,1층,103~104호,수박특화사업단,연구·사업기관
3-1,농업생명과학대학 1호관,1층,105호,바이오식품소재연구실,실험·연구공간
3-1,농업생명과학대학 1호관,1층,106호,교수회의실,학생·공용공간
3-1,농업생명과학대학 1호관,1층,107~113호,바이오식품소재 행정실·연구실·기기분석실,행정공간
3-1,농업생명과학대학 1호관,2층,201~202호,고친지식혁신특성화사업단,연구·사업기관
3-1,농업생명과학대학 1호관,2층,204호,IDEA 회의실,학생·공용공간
3-1,농업생명과학대학 1호관,2층,205호,REA 실험실,실험·연구공간
3-1,농업생명과학대학 1호관,2층,206~206-2호,세라믹연구사업단,연구·사업기관
3-1,농업생명과학대학 1호관,2층,207·207-1호,실용영어강의실,교육공간
3-1,농업생명과학대학 1호관,2층,209호,생물산업연구소,연구·사업기관
3-1,농업생명과학대학 1호관,2층,211호,농식품마케팅강의실,교육공간
3-1,농업생명과학대학 1호관,3층,301호,강의실,교육공간
3-1,농업생명과학대학 1호관,3층,302호,농생대컴퓨터실,교육공간
3-1,농업생명과학대학 1호관,3층,303호,영상학습실,교육공간
3-1,농업생명과학대학 1호관,3층,306호,수박산업혁신사업단,연구·사업기관
3-1,농업생명과학대학 1호관,3층,307호,한국스테비아연구소,연구·사업기관
3-1,농업생명과학대학 1호관,3층,307-1호,(주,
3-1,농업생명과학대학 1호관,3층,308호,현지제조실험실,실험·연구공간
3-1,농업생명과학대학 1호관,3층,309-1호,민중생활사 연구실,실험·연구공간
3-1,농업생명과학대학 1호관,4층,도면 참조,물탱크,기타/도면 표기
3-1,농업생명과학대학 1호관,4층,401호,ES새물림,기타/도면 표기
3-1,농업생명과학대학 1호관,4층,402호,남학생휴게소,학생·공용공간
3-1,농업생명과학대학 1호관,4층,403호,농공학회실,학생·공용공간
3-1,농업생명과학대학 1호관,4층,408~412호,단비·한아름·켐트·새물림·축구동아리·느티나무 공간,학생·공용공간
3-2,농업생명과학대학 2호관,1층,101호,생물환경세미나실,공용·지원공간
3-2,농업생명과학대학 2호관,1층,102호,생리활성물질연구소,연구·사업기관
3-2,농업생명과학대학 2호관,1층,103~106호,농업환경·생물환경 연구실,실험·연구공간
3-2,농업생명과학대학 2호관,1층,115호,응용식물생화학실험실,실험·연구공간
3-2,농업생명과학대학 2호관,1층,108·111·113·114호,토양비료·농약및잔류·식물영양·잡초방제 실험실,실험·연구공간
3-2,농업생명과학대학 2호관,1층,107호,생물환경화학과 학과사무실·조교실,행정공간
3-2,농업생명과학대학 2호관,2층,201~207호,작물생명공학 자료실·연구·실험,공용·지원공간
3-2,농업생명과학대학 2호관,2층,208·210호,시설·생장조절물질 실험실,실험·연구공간
3-2,농업생명과학대학 2호관,2층,211~218호,원예육종·원예유전·조직배양·원예화학·과수원예학 실험실,실험·연구공간
3-2,농업생명과학대학 2호관,2층,219호,현미경실,실험·연구공간
3-2,농업생명과학대학 2호관,2층,220~222호,생리·종묘·공예작물 실험실,실험·연구공간
3-2,농업생명과학대학 2호관,3층,326호,작물생명과학 대학원 세미나실,공용·지원공간
3-2,농업생명과학대학 2호관,3층,322~325호,식물유전육종·분자유전학·전작 실험실,실험·연구공간
3-2,농업생명과학대학 2호관,3층,301~320호,원예·화훼·생리·유전·조직배양·육종 실험실 및 연구실,실험·연구공간
3-2,농업생명과학대학 2호관,4층,401~406호,강의실 6개,교육공간
3-2,농업생명과학대학 2호관,4층,408~410호,학생회실,학생·공용공간
3-2,농업생명과학대학 2호관,4층,411호,조교실,행정공간
3-2,농업생명과학대학 2호관,4층,412호,일반화학실험실,실험·연구공간
3-2,농업생명과학대학 2호관,4층,413호,여학생휴게실,학생·공용공간
3-2,농업생명과학대학 2호관,4층,414호,푸른샘,기타/도면 표기
3-2,농업생명과학대학 2호관,4층,415호,농생대학생회실,학생·공용공간
3-2,농업생명과학대학 2호관,4층,416호,학생회회의실,학생·공용공간
3-2,농업생명과학대학 2호관,4층,417호,생활화학실,기타/도면 표기
3-2,농업생명과학대학 2호관,4층,418호,가락노모임,기타/도면 표기
3-2,농업생명과학대학 2호관,4층,419호,pinus,기타/도면 표기
3-3,농업생명과학대학 3호관,1층,101호,공통실험실,실험·연구공간
3-3,농업생명과학대학 3호관,1층,101-1·101-2호,이공전·동물영양 연구실,실험·연구공간
3-3,농업생명과학대학 3호관,1층,102호,현미경실,실험·연구공간
3-3,농업생명과학대학 3호관,1층,103호,식물Virus병학실험실,실험·연구공간
3-3,농업생명과학대학 3호관,1층,104호,농생물학학술실,기타/도면 표기
3-3,농업생명과학대학 3호관,1층,113호,곤충분류학실험실,실험·연구공간
3-3,농업생명과학대학 3호관,1층,114~116호,식물병리학·곤충분류학·식물세균병학 실험실,실험·연구공간
3-3,농업생명과학대학 3호관,1층,108호,동물자원과학과 학과사무실·조교 연락처,행정공간
3-3,농업생명과학대학 3호관,1층,119호,가금영양학실험실,실험·연구공간
3-3,농업생명과학대학 3호관,2층,217호,곤충사육실,실험·연구공간
3-3,농업생명과학대학 3호관,2층,218·219호,식물해부표본실,실험·연구공간
3-3,농업생명과학대학 3호관,2층,220호,곤충생태학실험실,실험·연구공간
3-3,농업생명과학대학 3호관,2층,221·225호,곤충생태학실험실·전북대벌사무실,행정공간
3-3,농업생명과학대학 3호관,2층,226호,동물자원 연구·실험실,실험·연구공간
3-3,농업생명과학대학 3호관,3층,311-1호,세미나실,공용·지원공간
3-3,농업생명과학대학 3호관,3층,311호,전산조경설계실·국제실,기타/도면 표기
3-3,농업생명과학대학 3호관,3층,312호,제도강의실,교육공간
3-3,농업생명과학대학 3호관,3층,313-1호,식물의학과 학과사무실·조교 연락처,행정공간
3-3,농업생명과학대학 3호관,3층,306호,조경식재설계실,기타/도면 표기
3-3,농업생명과학대학 3호관,3층,307호,환경디자인실,기타/도면 표기
3-3,농업생명과학대학 3호관,3층,309-1~310-1호,경관생태조경·단지·환경생태조경식물학 실험실,실험·연구공간
3-3,농업생명과학대학 3호관,3층,316·317호,강의실,교육공간
3-3,농업생명과학대학 3호관,3층,313호,조경학과 학과사무실·조교 연락처,행정공간
3-3,농업생명과학대학 3호관,4층,401호,세척실,실험·연구공간
3-3,농업생명과학대학 3호관,4층,403~404호,학생회실,학생·공용공간
3-3,농업생명과학대학 3호관,4층,415호,일반동물학실험실,실험·연구공간
3-3,농업생명과학대학 3호관,4층,416호,시험강의실,교육공간
3-3,농업생명과학대학 3호관,4층,414호,현미경준비실,실험·연구공간
3-4,농업생명과학대학 4호관,전체,도면 참조,공식 대학안내 페이지의 층별 안내 링크가 404로 확인되어 세부 층별 정보 미수록,기타/도면 표기
3-4,농업생명과학대학 4호관,전체,418호,농업경제학전공 학과사무실·조교 연락처,행정공간
,경상대학 · 8-1 경상대학 1호관,1층,104호,경상대학 행정실·학장실·부학장실,행정공간
,경상대학 · 8-1 경상대학 1호관,1층,108호,경상대학 학생회실,학생·공용공간
,경상대학 · 8-1 경상대학 1호관,1층,122호,강의실,교육공간
,경상대학 · 8-1 경상대학 1호관,3층,312호,안근배 경영학과 교수연구실,연구공간
,경상대학 · 8-1 경상대학 1호관,3층,317호,회계학과 비전임교원 공동연구실,연구공간
,경상대학 · 8-1 경상대학 1호관,4층,412호,GM 동아리실,학생·공용공간
,경상대학 · 8-1 경상대학 1호관,4층,413호,들풀 동아리실,학생·공용공간
,경상대학 · 8-1 경상대학 1호관,4층,415호,푸른나라 동아리실,학생·공용공간
,경상대학 · 8-1 경상대학 1호관,4층,416호,가온 동아리실,학생·공용공간
,경상대학 · 8-2 경상대학 2호관,1층,106호,무역학과 대학원 사무실 안내표기,행정공간
,경상대학 · 8-2 경상대학 2호관,2층,213호,회계학과 사무실·조교실,행정공간
,경상대학 · 8-2 경상대학 2호관,2층,214호,경영교육혁신센터·조교실,지원공간
,경상대학 · 8-2 경상대학 2호관,2층,215호,경영학과 사무실·조교실,행정공간
,경상대학 · 8-2 경상대학 2호관,3층,301호,국제무역학과 사무실·조교실,행정공간
,경상대학 · 8-2 경상대학 2호관,3층,315호,경제학부 사무실·조교실,행정공간
,경상대학 · 8-2 경상대학 2호관,4층,402호,강의·특강 공간,교육공간
,경상대학 · 8-3 경상대학 3호관,1층,104호,대학원 오리엔테이션·강의 공간,교육공간
,경상대학 · 8-3 경상대학 3호관,1층,111호,남기만 회계학과 교수연구실,연구공간
,경상대학 · 8-3 경상대학 3호관,1층,112호,전경민 회계학과 교수연구실,연구공간
,경상대학 · 8-3 경상대학 3호관,1층,113호,주영찬 경영학과 교수연구실,연구공간
,경상대학 · 8-3 경상대학 3호관,1층,114호,이윤 국제무역학과 교수연구실,연구공간
,경상대학 · 8-3 경상대학 3호관,1층,115호,이우재 회계학과 교수연구실,연구공간
,경상대학 · 8-3 경상대학 3호관,1층,117호,손진영 경제학부 교수연구실,연구공간
,경상대학 · 8-3 경상대학 3호관,2층,209호,박삼복 회계학과 교수연구실,연구공간
,경상대학 · 8-3 경상대학 3호관,2층,211호,류한얼 국제무역학과 교수연구실,연구공간
,경상대학 · 8-3 경상대학 3호관,2층,212호,임태균 회계학과 교수연구실,연구공간
,경상대학 · 8-3 경상대학 3호관,2층,213호,박상준 경영학과 교수연구실,연구공간
,경상대학 · 8-3 경상대학 3호관,2층,214호,조동희 경제학부 교수연구실,연구공간
,경상대학 · 8-3 경상대학 3호관,2층,215호,한규식 경영학과 교수연구실,연구공간
,경상대학 · 8-3 경상대학 3호관,2층,216호,최용재 국제무역학과 교수연구실,연구공간
,경상대학 · 8-3 경상대학 3호관,3층,301호,성지영 경영학과 교수연구실,연구공간
,경상대학 · 8-3 경상대학 3호관,3층,304호,김승운 경영학과 교수연구실,연구공간
,경상대학 · 8-3 경상대학 3호관,3층,305호,김하영 경제학부 교수연구실,연구공간
,경상대학 · 8-3 경상대학 3호관,3층,306호,김종희 경제학부 교수연구실,연구공간
,경상대학 · 8-3 경상대학 3호관,3층,307호,이상영 경영학과 교수연구실,연구공간
,경상대학 · 8-3 경상대학 3호관,3층,308호,심재훈 국제무역학과 교수연구실,연구공간
,경상대학 · 8-3 경상대학 3호관,3층,309호,윤만식 경영학과 교수연구실,연구공간
,경상대학 · 8-3 경상대학 3호관,3층,310호,정호진 경제학부 교수연구실,연구공간
,경상대학 · 8-3 경상대학 3호관,3층,311호,노산하 경제학부 교수연구실,연구공간
,경상대학 · 8-3 경상대학 3호관,3층,312호,김인수 경제학부 교수연구실,연구공간
,경상대학 · 8-3 경상대학 3호관,3층,317호,곽은혜 경제학부 교수연구실,연구공간
,경상대학 · 8-3 경상대학 3호관,3층,318호,선종학 경영학과 교수연구실,연구공간
,경상대학 · 8-3 경상대학 3호관,3층,319호,석준호 국제무역학과 교수연구실,연구공간
,경상대학 · 8-3 경상대학 3호관,3층,320호,고수일 경영학과 교수연구실,연구공간
,경상대학 · 8-3 경상대학 3호관,3층,321호,이상노 회계학과 교수연구실,연구공간
,경상대학 · 8-3 경상대학 3호관,3층,322호,최백렬 국제무역학과 교수연구실,연구공간
,경상대학 · 8-3 경상대학 3호관,3층,323호,최창곤 경제학부 교수연구실,연구공간
,경상대학 · 8-3 경상대학 3호관,3층,324호,안정규 경영학과 교수연구실,연구공간
,경상대학 · 8-3 경상대학 3호관,4층,402호,심갑용 회계학과 교수연구실,연구공간
,경상대학 · 8-3 경상대학 3호관,4층,403호,권용주 경영학과 교수연구실,연구공간
,경상대학 · 8-3 경상대학 3호관,4층,404호,최경숙 국제무역학과 교수연구실,연구공간
,경상대학 · 8-3 경상대학 3호관,4층,405호,김애경 경영학과 교수연구실,연구공간
,경상대학 · 8-3 경상대학 3호관,4층,406호,이치송 경영학과 교수연구실,연구공간
,경상대학 · 8-3 경상대학 3호관,4층,407호,한방울 국제무역학과 교수연구실,연구공간
,경상대학 · 8-3 경상대학 3호관,4층,408호,윤경환 국제무역학과 교수연구실,연구공간
,경상대학 · 8-3 경상대학 3호관,4층,409호,황원식 경제학부 교수연구실,연구공간
,경상대학 · 8-3 경상대학 3호관,4층,410호,황운중 국제무역학과 교수연구실,연구공간
,경상대학 · 8-3 경상대학 3호관,4층,411호,김영민 국제무역학과 교수연구실,연구공간
,경상대학 · 8-3 경상대학 3호관,4층,412호,노상윤 회계학과 교수연구실,연구공간
,경상대학 · 8-3 경상대학 3호관,4층,417호,채연주 경영학과 교수연구실,연구공간
,경상대학 · 8-3 경상대학 3호관,4층,418호,조아현 국제무역학과 교수연구실,연구공간
,경상대학 · 8-3 경상대학 3호관,4층,419호,채준호 경영학과 교수연구실,연구공간
,경상대학 · 8-3 경상대학 3호관,4층,420호,김재희 경영학과 교수연구실,연구공간
,경상대학 · 8-3 경상대학 3호관,4층,421호,유소이 경영학과 교수연구실,연구공간
,경상대학 · 8-3 경상대학 3호관,4층,422호,박윤서 경영학과 교수연구실,연구공간
,사범대학 · 6-1 사범대학 본관,3층,302호,독어교육과 사무실·조교,행정공간
,사범대학 · 6-1 사범대학 본관,3층,323호,영어교육과 사무실·조교,행정공간
,사범대학 · 6-1 사범대학 본관,4층,403호,수학교육과 사무실·조교,행정공간
,사범대학 · 6-1 사범대학 본관,4층,423호,국어교육과 사무실·조교,행정공간
,사범대학 · 6-3 사범대학 과학관,1층,113호,화학교육과 사무실·조교,행정공간
,사범대학 · 6-3 사범대학 과학관,1층,115호,물리교육과 사무실·조교,행정공간
,사범대학 · 6-3 사범대학 과학관,3층,310-2호,생물교육과 사무실·조교,행정공간
,사범대학 · 6-3 사범대학 과학관,3층,320호,지구과학교육과 사무실·조교,행정공간
,사범대학 · 4-3 진수당 교육연구동,2층,204호,교육학과 사무실·조교,행정공간
,사범대학 · 4-3 진수당 교육연구동,3층,311호,윤리교육과 사무실·조교,행정공간
,사범대학 · 4-3 진수당 교육연구동,4층,411호,역사교육과 사무실·조교,행정공간
,사범대학 · 4-3 진수당 교육연구동,4층,411호,일반사회교육과 사무실·조교,행정공간
,사범대학 · 4-3 진수당 교육연구동,5층,520호,지리교육과 사무실·조교,행정공간
,사회과학대학 · 14-3 인문사회관,3층,326호,정치외교학과 사무실·조교,행정공간
,사회과학대학 · 14-3 인문사회관,3층,327호,심리학과 사무실·조교,행정공간
,사회과학대학 · 14-3 인문사회관,3층,328호,미디어커뮤니케이션학과 사무실·조교,행정공간
,사회과학대학 · 14-3 인문사회관,3층,329호,행정학과 사무실·조교,행정공간
,사회과학대학 · 14-3 인문사회관,3층,330호,사회복지학과 사무실·조교,행정공간
,사회과학대학 · 14-3 인문사회관,3층,331호,사회학과 사무실·조교,행정공간
,사회과학대학 · 1-32 글로벌인재관,2층,209호,공공인재학부 사무실·조교,행정공간
,생활과학대학 · 7-1 생활과학대학,1층,102호,행정실,행정공간
,생활과학대학 · 7-1 생활과학대학,2층,205호,식품영양학과 사무실·조교,행정공간
,생활과학대학 · 7-1 생활과학대학,3층,305호,의류학과 사무실·조교,행정공간
,생활과학대학 · 7-1 생활과학대학,4층,405호,아동학과 사무실·조교,행정공간
,생활과학대학 · 7-1 생활과학대학,5층,505호,주거환경학과 사무실·조교,행정공간
,예술대학 · 예술대 구관(공식 페이지 표기),2층,2030호,무용학과 사무실·조교,행정공간
,예술대학 · 예술대 신관(공식 페이지 표기),1층,1270호,미술학과 사무실·조교,행정공간
,예술대학 · 예술대 신관(공식 페이지 표기),2층,2010호,산업디자인학과 사무실·조교,행정공간
,예술대학 · 예술대 신관(공식 페이지 표기),3층,3220호,음악과 사무실·조교,행정공간
,예술대학 · 예술대 신관(공식 페이지 표기),4층,4230호,한국음악학과 사무실·조교,행정공간
,의과대학 · 11-1 의과대학 본관,1층,112-1호,의예과 사무실·조교,행정공간
,의과대학 · 11-2·11-3·11-4·11-5·27-10 관련 시설,전체,2호관·생명과학관·학생회관·의학계도서관·교수연구동,교육·연구·학생지원,
,인문대학 · 14-2 인문대학 2호관,2층,224호,독일학과 사무실·조교,행정공간
,인문대학 · 14-2 인문대학 2호관,2층,226호,사학과 사무실·조교,행정공간
,인문대학 · 14-2 인문대학 2호관,2층,230호,고고문화인류학과 사무실·조교,행정공간
,인문대학 · 14-3 인문사회관,3층,315호,일본학과 사무실·조교,행정공간
,인문대학 · 14-3 인문사회관,3층,318호,철학과 사무실·조교,행정공간
,인문대학 · 14-3 인문사회관,3층,320호,국어국문학과 사무실·조교,행정공간
,인문대학 · 14-3 인문사회관,4층,423호,영어영문학과 사무실·조교,행정공간
,인문대학 · 14-3 인문사회관,4층,425호,프랑스·아프리카학과 사무실·조교,행정공간
,인문대학 · 14-3 인문사회관,4층,427호,문헌정보학과 사무실·조교,행정공간
,인문대학 · 14-3 인문사회관,4층,429호,스페인·중남미학과 사무실·조교,행정공간
,인문대학 · 14-3 인문사회관,4층,432호,중어중문학과 사무실·조교,행정공간
,인문대학 · 1-32 글로벌인재관,2층,215호,국제학부 사무실·조교,행정공간
,자연과학대학 · 15-0 자연과학대학 본관,2층,209호,통계학과 사무실·조교,행정공간
,자연과학대학 · 15-0 자연과학대학 본관,3층,316호,과학학과 사무실·조교,행정공간
,자연과학대학 · 15-0 자연과학대학 본관,4층,409호,수학과 사무실·조교,행정공간
,자연과학대학 · 15-1 자연과학대학 1호관,2층,210호,화학과 사무실·조교,행정공간
,자연과학대학 · 15-2 자연과학대학 2호관,1층,122호,생명과학과 사무실·조교,행정공간
,자연과학대학 · 15-3 자연과학대학 3호관,1층,102호,스포츠과학과 사무실·조교,행정공간
,자연과학대학 · 15-4 자연과학대학 4호관,1층,122호,지구환경과학과 사무실·조교,행정공간
,자연과학대학 · 15-4 자연과학대학 4호관,1층,106호,생지구화학연구실,연구공간
,자연과학대학 · 15-4 자연과학대학 4호관,2층,206호,응용환경지질학연구실,연구공간
,자연과학대학 · 15-4 자연과학대학 4호관,3층,305호,분자생물학과 사무실·조교,행정공간
,자연과학대학 · 15-5 자연과학대학 5호관,2층,207호,물리학과 사무실·조교,행정공간
,자연과학대학 · 학군단 건물,3층,303-1호,반도체과학기술학과 사무실·조교,행정공간
,AI대학 · 2-5 공과대학 5호관,1층,113호,소프트웨어공학과 사무실·조교,행정공간
,AI대학 · 2-7 공과대학 7호관,2층,224-2호,컴퓨터인공지능학부 사무실·조교,행정공간
,공과대학 · 2-1 공과대학 1호관,1층,101호,명예대학원 강의실,교육공간
,공과대학 · 2-1 공과대학 1호관,1층,102호,행정실장실,행정공간
,공과대학 · 2-1 공과대학 1호관,1층,103호,해양에너지기술연구센터 교수연구실,연구공간
,공과대학 · 2-1 공과대학 1호관,1층,104호,교수연구실,연구공간
,공과대학 · 2-1 공과대학 1호관,1층,105호,공과대학 행정실,행정공간
,공과대학 · 2-1 공과대학 1호관,1층,107호,물품보관실,지원공간
,공과대학 · 2-1 공과대학 1호관,1층,107-1호,공대전용열람실,학습공간
,공과대학 · 2-1 공과대학 1호관,1층,108호,물품창고,지원공간
,공과대학 · 2-1 공과대학 1호관,1층,108-1호,문서고,지원공간
,공과대학 · 2-1 공과대학 1호관,1층,109호,공업기술연구센터·융합기술연구원 행정지원실,행정공간
,공과대학 · 2-1 공과대학 1호관,1층,110·110-1·112·114~119호,교수·대학원 연구실,연구공간
,공과대학 · 2-1 공과대학 1호관,1층,113호,대학원연구실,연구공간
,공과대학 · 2-1 공과대학 1호관,1층,122·123호,강의실,교육공간
,공과대학 · 2-1 공과대학 1호관,1층,125호,대학원세미나실,교육공간
,공과대학 · 2-1 공과대학 1호관,1층,126~131호,교수·연구실,연구공간
,공과대학 · 2-1 공과대학 1호관,1층,132호,건축공학과 사무실·조교 문의,행정공간
,공과대학 · 2-1 공과대학 1호관,1층,133-1·134호,시공재료실험실,실험공간
,공과대학 · 2-1 공과대학 1호관,1층,135호,WC,편의시설
,공과대학 · 2-1 공과대학 1호관,1층,136호,대학원연구실,연구공간
,공과대학 · 2-1 공과대학 1호관,1층,137호,재료공학실험실,실험공간
,공과대학 · 2-1 공과대학 1호관,1층,138~141호,교수연구실,연구공간
,공과대학 · 2-1 공과대학 1호관,1층,142호,IT응용시스템공학 사무실·조교 문의,행정공간
,공과대학 · 2-1 공과대학 1호관,1층,142-1호,대학원사업단,사업지원
,공과대학 · 2-1 공과대학 1호관,1층,143~147호,실험·연구실,연구공간
,공과대학 · 2-1 공과대학 1호관,1층,149호,강의실,교육공간
,공과대학 · 2-1 공과대학 1호관,1층,151호,WC·장애인화장실,편의시설
,공과대학 · 2-1 공과대학 1호관,1층,152호,미화원휴게실,편의시설
,공과대학 · 2-1 공과대학 1호관,1층,153호,교수연구실,연구공간
,공과대학 · 2-1 공과대학 1호관,1층,154호,미래에너지기술사업단,사업지원
,공과대학 · 2-1 공과대학 1호관,1층,156호,양자시스템공학과 사무실·조교 문의,행정공간
,공과대학 · 2-1 공과대학 1호관,1층,157호,미래신사업단,사업지원
,공과대학 · 2-1 공과대학 1호관,1층,158·161호,공대학술전산실습실,교육공간
,공과대학 · 2-1 공과대학 1호관,1층,162·163호,건축시공재료연구실,연구공간
,공과대학 · 2-1 공과대학 1호관,1층,164호,설계스튜디오,교육공간
,공과대학 · 2-1 공과대학 1호관,1층,171·172호,헬스케어 공동기기실,연구지원
,공과대학 · 2-1 공과대학 1호관,2층,206호,IT융합기전공학 사무실·조교 문의,행정공간
,공과대학 · 2-1 공과대학 1호관,2층,225호,강의실,교육공간
,공과대학 · 2-1 공과대학 1호관,2층,228호,교수연구실,연구공간
,공과대학 · 2-1 공과대학 1호관,2층,231호,건축음향연구실,연구공간
,공과대학 · 2-1 공과대학 1호관,2층,232~235호,건축 CAD·환경·음향·설계 실험·연구실,연구공간
,공과대학 · 2-1 공과대학 1호관,2층,252호,교수연구실,연구공간
,공과대학 · 2-1 공과대학 1호관,2층,256호,교수회의실,공용공간
,공과대학 · 2-1 공과대학 1호관,2층,258·258-1호,건축계획·요소설계연구실,연구공간
,공과대학 · 2-1 공과대학 1호관,2층,259호,수문연구실,연구공간
,공과대학 · 2-1 공과대학 1호관,2층,260호,측량실습실,실습공간
,공과대학 · 2-1 공과대학 1호관,2층,261호,세미나실,교육공간
,공과대학 · 2-1 공과대학 1호관,2층,262·262-1호,강의·건축종합설계실,교육공간
,공과대학 · 2-1 공과대학 1호관,2층,263호,토목공학 사무실·조교 문의,행정공간
,공과대학 · 2-1 공과대학 1호관,2층,264·265호,교수연구실·산학협력실,연구·지원공간
,공과대학 · 2-1 공과대학 1호관,2층,266호,건축종합설계실,교육공간
,공과대학 · 2-1 공과대학 1호관,3층,301~303호,바이오메디컬 연구·실험실,연구공간
,공과대학 · 2-1 공과대학 1호관,3층,309·310호,바이오메디컬 실험실,연구공간
,공과대학 · 2-1 공과대학 1호관,3층,311호,학부학생회실,학생공간
,공과대학 · 2-1 공과대학 1호관,3층,314·315호,교수연구실·건축종합설계실,연구·교육공간
,공과대학 · 2-1 공과대학 1호관,3층,316호,강의실,교육공간
,공과대학 · 2-1 공과대학 1호관,3층,317·317-1호,구조·연구용실험실,연구공간
,공과대학 · 2-1 공과대학 1호관,3층,318호,교수연구실,연구공간
,공과대학 · 2-1 공과대학 1호관,3층,320호,나노소재연구실,연구공간
,공과대학 · 2-1 공과대학 1호관,3층,321~323호,CAD·미디어·대학원 공간,교육·연구공간
,공과대학 · 2-1 공과대학 1호관,3층,333호,바이오메디컬공학부 사무실·조교 문의,행정공간
,공과대학 · 2-1 공과대학 1호관,3층,340~344호,전자회로·HCI·바이오메디컬·디지로그 실험실,연구공간
,공과대학 · 2-1 공과대학 1호관,3층,355~360호,헬스케어기기·컬러테라피·감각정보·개발지원 실험실,연구공간
,공과대학 · 2-2 공과대학 2호관,1층,101~104호,일반화학 실험·강의실,교육·실험공간
,공과대학 · 2-2 공과대학 2호관,1층,105~109호,분석·암석·대학원 강의·연구공간,
,공과대학 · 2-2 공과대학 2호관,1층,110호,복합전자소재 실험실,연구공간
,공과대학 · 2-2 공과대학 2호관,1층,111호,탄소섬유실험실,연구공간
,공과대학 · 2-2 공과대학 2호관,1층,112~117호,대학원·방사선·교수연구실·강의실,교육·연구공간
,공과대학 · 2-2 공과대학 2호관,2층,201~213호,고전압·암석동역학·스마트나노·대학원·세미나·도서 공간,연구·교육공간
,공과대학 · 2-2 공과대학 2호관,2층,214~223호,나노소재분석실·자원처리·물리탐사자료처리·BK21 사업단·연구용 실험실·교수연구실,연구·지원공간
,공과대학 · 2-2 공과대학 2호관,3층,301호,교수연구실,
,공과대학 · 2-2 공과대학 2호관,3층,302호,암석동역학준비실,
,공과대학 · 2-2 공과대학 2호관,3층,302-1호,학생회실,
,공과대학 · 2-2 공과대학 2호관,3층,304호,자원·에너지공학 사무실·조교 문의,행정공간
,공과대학 · 2-2 공과대학 2호관,3층,305~311호,교수연구실,
,공과대학 · 2-2 공과대학 2호관,3층,311-1호,학생회실,
,공과대학 · 2-2 공과대학 2호관,3층,313-1호,스크린공용연구실,
,공과대학 · 2-2 공과대학 2호관,3층,313호,교수연구실,
,공과대학 · 2-2 공과대학 2호관,3층,314호,학과사무실·2022 안내도 표기,
,공과대학 · 2-2 공과대학 2호관,3층,315호,교수회의실,
,공과대학 · 2-2 공과대학 2호관,3층,316·317호,습식공정실험실,
,공과대학 · 2-2 공과대학 2호관,3층,318호,저탄소에너지전환실험실,
,공과대학 · 2-2 공과대학 2호관,3층,319호,저탄소에너지전환연구실,
,공과대학 · 2-2 공과대학 2호관,3층,320호,저탄소에너지공학실험실,
,공과대학 · 2-2 공과대학 2호관,3층,320-1호,에너지공학·친환경대체에너지실험실,
,공과대학 · 2-2 공과대학 2호관,3층,321·322호,친환경대체에너지실험실,
,공과대학 · 2-2 공과대학 2호관,3층,323호,석유공학실험실,
,공과대학 · 2-2 공과대학 2호관,3층,324호,석유공학실험실,
,공과대학 · 2-2 공과대학 2호관,3층,325호,세미나실,
,공과대학 · 2-2 공과대학 2호관,3층,326호,물리탐사실험실,
,공과대학 · 2-2 공과대학 2호관,3층,327호,물리전자실험실,
,공과대학 · 2-2 공과대학 2호관,4층,401-1호,연구용실험실,
,공과대학 · 2-2 공과대학 2호관,4층,401호,석유공학연구실,
,공과대학 · 2-2 공과대학 2호관,4층,403호,컴퓨터실습실,
,공과대학 · 2-2 공과대학 2호관,4층,404·405호,강의실,
,공과대학 · 2-2 공과대학 2호관,4층,407호,유기소재섬유공학과 사무실·조교 문의,행정공간
,공과대학 · 2-2 공과대학 2호관,4층,408호,대학원연구실,
,공과대학 · 2-2 공과대학 2호관,4층,409호,교수연구실,
,공과대학 · 2-2 공과대학 2호관,4층,410호,고분자열분석실험실,
,공과대학 · 2-2 공과대학 2호관,4층,411~413호,고분자공정실험실,
,공과대학 · 2-2 공과대학 2호관,4층,412호,교육용실험실,
,공과대학 · 2-2 공과대학 2호관,4층,414호,탄소섬유분석실,
,공과대학 · 2-2 공과대학 2호관,4층,415호,탄소섬유실험실,
,공과대학 · 2-2 공과대학 2호관,4층,416~418호,강의실,
,공과대학 · 2-3 공과대학 3호관,1층,101·103·104호,강의실,교육공간
,공과대학 · 2-3 공과대학 3호관,1층,104-1호,교수회의실,공용공간
,공과대학 · 2-3 공과대학 3호관,1층,106호,유체역학실험실,실험공간
,공과대학 · 2-3 공과대학 3호관,1층,106-1·107호,연구용·일반물리 실험실,연구·실험공간
,공과대학 · 2-3 공과대학 3호관,1층,108호,일반물리준비실,지원공간
,공과대학 · 2-3 공과대학 3호관,1층,109-2호,열환경제어실험실,연구공간
,공과대학 · 2-3 공과대학 3호관,1층,110호,연구용 실험실,연구공간
,공과대학 · 2-3 공과대학 3호관,2층,201·201-1호,대학원연구실,
,공과대학 · 2-3 공과대학 3호관,2층,202·204·204-1·206-1·217·219·221·222·223·224호,교수연구실,
,공과대학 · 2-3 공과대학 3호관,2층,205·205-1·218호,대학원연구실,
,공과대학 · 2-3 공과대학 3호관,2층,206호,기계구조해석실험실,
,공과대학 · 2-3 공과대학 3호관,2층,207·208호,연구용연구실,
,공과대학 · 2-3 공과대학 3호관,2층,209·222-1호,학생회실,
,공과대학 · 2-3 공과대학 3호관,2층,210호,연구용실험실,
,공과대학 · 2-3 공과대학 3호관,2층,211호,기계설계공학부 사무실·조교 문의,행정공간
,공과대학 · 2-3 공과대학 3호관,2층,213호,나노바이오기계시스템 학과사무실·2022 안내도 표기,
,공과대학 · 2-3 공과대학 3호관,2층,215호,교육용실험실,
,공과대학 · 2-3 공과대학 3호관,2층,216호,세미나실,
,공과대학 · 2-3 공과대학 3호관,2층,220호,에너지-AI융합인력양성사업단,
,공과대학 · 2-3 공과대학 3호관,3층,301호,해동라운지,학생·편의공간
,공과대학 · 2-3 공과대학 3호관,3층,304~307호,세미나실·토론실·강의실·탄소기반나노융합 공간,교육·연구공간
,공과대학 · 2-3 공과대학 3호관,3층,309~311호,강의실,교육공간
,공과대학 · 2-3 공과대학 3호관,3층,312호,해동학술정보실,학습공간
,공과대학 · 2-3 공과대학 3호관,3층,313호,해동 개인열람실,학습공간
,공과대학 · 2-3 공과대학 3호관,4층,401·403·403-1·404·404-1·406·408~411호,강의실,교육공간
,공과대학 · 2-3 공과대학 3호관,4층,407호,학생공간,학생지원
,공과대학 · 2-4 공과대학 4호관,지하1층,001~008호,신재생에너지·소재·연마·유체역학 연구실 및 기계실,연구·지원공간
,공과대학 · 2-4 공과대학 4호관,지하1층,014~020호,미세가공·광소자·열환경제어·연구용 실험실,연구공간
,공과대학 · 2-4 공과대학 4호관,지하1층,022-1호,고주파·압연 관련 실험실,연구공간
,공과대학 · 2-4 공과대학 4호관,1층,101호,교육용실험실·정보소재,
,공과대학 · 2-4 공과대학 4호관,1층,102호,재료물성실험실,
,공과대학 · 2-4 공과대학 4호관,1층,103호,표면연마실습실,
,공과대학 · 2-4 공과대학 4호관,1층,104~112호,교수연구실·학과공간,
,공과대학 · 2-4 공과대학 4호관,1층,113호,미화원실,
,공과대학 · 2-4 공과대학 4호관,1층,114호,기계시스템공학부 사무실·조교 문의,행정공간
,공과대학 · 2-4 공과대학 4호관,1층,115호,BK21 사무실,
,공과대학 · 2-4 공과대학 4호관,1층,116호,교수회의실,
,공과대학 · 2-4 공과대학 4호관,1층,117~120호,교수연구실,
,공과대학 · 2-4 공과대학 4호관,1층,120-1호,기계공학 세미나실,
,공과대학 · 2-4 공과대학 4호관,1층,121호,IT계열연구실,
,공과대학 · 2-4 공과대학 4호관,1층,123호,광기술실험실,
,공과대학 · 2-4 공과대학 4호관,1층,124호,전산실,
,공과대학 · 2-4 공과대학 4호관,1층,125호,공실,
,공과대학 · 2-4 공과대학 4호관,1층,126호,창의적공학설계실습실,
,공과대학 · 2-4 공과대학 4호관,1층,128호,건강실·승강기,
,공과대학 · 2-4 공과대학 4호관,1층,130-1호,스마트센서·에너지재료실험실,
,공과대학 · 2-4 공과대학 4호관,1층,131·132호,반도체재료공정실험실,
,공과대학 · 2-4 공과대학 4호관,1층,133호,금속세라믹복합재료실험실,
,공과대학 · 2-4 공과대학 4호관,1층,133-1호,공실,
,공과대학 · 2-4 공과대학 4호관,2층,201~209·211·213~224호,교수·대학원 연구실 및 정보소자·표면공학 연구실,
,공과대학 · 2-4 공과대학 4호관,2층,210호,금속시스템공학·정보소재공학 사무실·조교 문의,행정공간
,공과대학 · 2-4 공과대학 4호관,2층,212호,기계공학과 사무실·조교 문의,행정공간
,공과대학 · 2-4 공과대학 4호관,2층,226~235호,재료강도·야금·MEMS·표면처리 실험실 및 세미나실,연구·교육공간
,공과대학 · 2-4 공과대학 4호관,3층,301~329호,대학원·기계공학 연구실·현미경실·공용기기실,연구공간
,공과대학 · 2-4 공과대학 4호관,3층,331~344호,물리야금·나노계면·표면처리·유연전자·메카트로닉스·로봇제어·구조재료 실험실,연구공간
,공과대학 · 2-4 공과대학 4호관,4층,401~409호,컴퓨터실·기계가공·교수연구실,교육·연구공간
,공과대학 · 2-4 공과대학 4호관,4층,411~420호,강의실·냉동공기조화·열전달·미래에너지·정보소재 연구실 및 학과공간,교육·연구공간
,공과대학 · 2-5 공과대학 5호관,1층,102호,대학원연구실,
,공과대학 · 2-5 공과대학 5호관,1층,103호,압전재료실험실,
,공과대학 · 2-5 공과대학 5호관,1층,104호,인쇄전자적성평가실험실,
,공과대학 · 2-5 공과대학 5호관,1층,105호,CASE도구실습실,
,공과대학 · 2-5 공과대학 5호관,1층,106호,대학원연구실,
,공과대학 · 2-5 공과대학 5호관,1층,107호,연구용실험실,
,공과대학 · 2-5 공과대학 5호관,1층,109호,연료전지·에너지소재실험실,
,공과대학 · 2-5 공과대학 5호관,1층,110호,대학원연구실,
,공과대학 · 2-5 공과대학 5호관,1층,111호,연료전지시스템평가실,
,공과대학 · 2-5 공과대학 5호관,1층,112호,전기전자기초실험실,
,공과대학 · 2-5 공과대학 5호관,1층,113호,소프트웨어공학과 사무실·조교 문의,행정공간
,공과대학 · 2-5 공과대학 5호관,1층,114호,전자재료 학습실,
,공과대학 · 2-5 공과대학 5호관,2층,203~209호,강의실·대학원학습실·전자재료 연구실,교육·연구공간
,공과대학 · 2-5 공과대학 5호관,2층,211~216호,공학설계실·대학원연구실·전자재료 학생회실·연구센터,교육·학생·연구공간
,공과대학 · 2-5 공과대학 5호관,3층,302호,강의실,
,공과대학 · 2-5 공과대학 5호관,3층,303호,강의실,
,공과대학 · 2-5 공과대학 5호관,3층,304호,전자재료공학 사무실·조교 문의,행정공간
,공과대학 · 2-5 공과대학 5호관,3층,305호,전자재료 교수회의실,
,공과대학 · 2-5 공과대학 5호관,3층,306호,전자재료 컴퓨터실,
,공과대학 · 2-5 공과대학 5호관,3층,307호,교수연구실,
,공과대학 · 2-5 공과대학 5호관,3층,308호,교수연구실,
,공과대학 · 2-5 공과대학 5호관,3층,309호,교수연구실,
,공과대학 · 2-5 공과대학 5호관,3층,311호,교양강의실·혁신교육,
,공과대학 · 2-5 공과대학 5호관,3층,312호,강의실,
,공과대학 · 2-5 공과대학 5호관,3층,313호,교수연구실,
,공과대학 · 2-5 공과대학 5호관,3층,313-1호,교수연구실,
,공과대학 · 2-5 공과대학 5호관,3층,314호,강의실,
,공과대학 · 2-5 공과대학 5호관,3층,315호,소프트웨어 전산실,
,공과대학 · 2-5 공과대학 5호관,4층,402~409호,첨단광·에너지저장·전자재료 교수연구실·실험실,연구공간
,공과대학 · 2-5 공과대학 5호관,4층,411~417호,대학원연구실·컴퓨터하드웨어·반도체소자·물성 연구실,연구공간
,공과대학 · 2-5 공과대학 5호관,5층,502~507호,소프트웨어 교수·대학원 연구실·개발실습실,교육·연구공간
,공과대학 · 2-5 공과대학 5호관,5층,509~514호,컴퓨터실·교수연구실·대학원연구실·강의실·세미나실,교육·연구공간
,공과대학 · 2-6 공과대학 6호관,지하1층,806호,기계실,지원공간
,공과대학 · 2-6 공과대학 6호관,지하1층,807호,서고·창고,지원공간
,공과대학 · 2-6 공과대학 6호관,지하1층,811~819호,화학공학·IT시스템 강의실·화학공학실험실,교육·실험공간
,공과대학 · 2-6 공과대학 6호관,지하1층,824호,한울회의실,공용공간
,공과대학 · 2-6 공과대학 6호관,1층,118호,화학공학부 사무실·조교 문의,행정공간
,공과대학 · 2-6 공과대학 6호관,1층,기타 호실,공식 1층 안내도 링크가 현재 404로 세부 배치 확인 불가·현장 또는 행정실 확인 필요,
,공과대학 · 2-6 공과대학 6호관,2층,201~210호,화학공학 교수연구실·회의실·대학원공간,연구·교육공간
,공과대학 · 2-6 공과대학 6호관,2층,220~229호,유기광전자·광전소재·연구용 실험실·교수연구실,연구공간
,공과대학 · 2-6 공과대학 6호관,3층,307호,대학원연구실,
,공과대학 · 2-6 공과대학 6호관,3층,308호,화학공학연구실,
,공과대학 · 2-6 공과대학 6호관,3층,309·310호,화학공학 강의실,
,공과대학 · 2-6 공과대학 6호관,3층,311·311-1·316·321~326호,교수연구실,
,공과대학 · 2-6 공과대학 6호관,3층,312호,대학원강의실,
,공과대학 · 2-6 공과대학 6호관,3층,313호,IMS실험실,
,공과대학 · 2-6 공과대학 6호관,3층,314·318-2호,대학원연구실,
,공과대학 · 2-6 공과대학 6호관,3층,315호,클로렐라실험실,
,공과대학 · 2-6 공과대학 6호관,3층,317호,연구용실험실,
,공과대학 · 2-6 공과대학 6호관,3층,318호,환경자료분석실,
,공과대학 · 2-6 공과대학 6호관,3층,319호,환경복원공학연구실,
,공과대학 · 2-6 공과대학 6호관,3층,320호,환경공학 사무실·조교 문의,행정공간
,공과대학 · 2-6 공과대학 6호관,3층,327호,폐자원순환특성화대학원 사업단·창고,
,공과대학 · 2-6 공과대학 6호관,4층,407호,산업공학 전산실,
,공과대학 · 2-6 공과대학 6호관,4층,407-1호,기초설계실험실,
,공과대학 · 2-6 공과대학 6호관,4층,408호,SCM실험실,
,공과대학 · 2-6 공과대학 6호관,4층,408-1호,BPM실험실,
,공과대학 · 2-6 공과대학 6호관,4층,408-2호,산업공학 학습실,
,공과대학 · 2-6 공과대학 6호관,4층,409호,서버실,
,공과대학 · 2-6 공과대학 6호관,4층,410호,연구용실습실,
,공과대학 · 2-6 공과대학 6호관,4층,411~417호,교수연구실,
,공과대학 · 2-6 공과대학 6호관,4층,418-1호,산업공학 교수회의실,
,공과대학 · 2-6 공과대학 6호관,4층,418호,산업정보시스템공학과 사무실·조교 문의,행정공간
,공과대학 · 2-6 공과대학 6호관,4층,419호,수질공학실험실,
,공과대학 · 2-6 공과대학 6호관,4층,420·420-1호,환경생물공학시스템실험실,
,공과대학 · 2-6 공과대학 6호관,4층,421호,연구용실험실,
,공과대학 · 2-6 공과대학 6호관,4층,422호,대기환경연구실,
,공과대학 · 2-6 공과대학 6호관,4층,423~426호,교수연구실·공실,
,공과대학 · 2-6 공과대학 6호관,4층,427호,폐기물자원화실험실,
,공과대학 · 2-6 공과대학 6호관,4층,428·428-1호,대기환경분석실,
,공과대학 · 2-6 공과대학 6호관,5층,501~514호,산업공학 전산실·강의실·지식기반 연구실·대학원강의실·학생공간,교육·연구공간
,공과대학 · 2-6 공과대학 6호관,5층,516~519호,환경공학 강의실·분자생물공학·촉매개발 실험실,교육·연구공간
,공과대학 · 2-7 공과대학 7호관,지하1층,002~005호,학습실·휴게실·기계 및 대피실,학습·편의·지원공간
,공과대학 · 2-7 공과대학 7호관,지하1층,013~020호,초고주파·회로설계·연구용 실험실,연구공간
,공과대학 · 2-7 공과대학 7호관,1층,101~106호,전기·전자 학습실·강의실,교육공간
,공과대학 · 2-7 공과대학 7호관,1층,114~122호,JIANT-IT·BK21 사업공간·대학강의실,교육·사업지원공간
,공과대학 · 2-7 공과대학 7호관,2층,202호,학부실,
,공과대학 · 2-7 공과대학 7호관,2층,203호,서버실,
,공과대학 · 2-7 공과대학 7호관,2층,204호,전산실습실,
,공과대학 · 2-7 공과대학 7호관,2층,205호,대학원연구실,
,공과대학 · 2-7 공과대학 7호관,2층,206호,대학원강의실,
,공과대학 · 2-7 공과대학 7호관,2층,207호,연구용실험실,
,공과대학 · 2-7 공과대학 7호관,2층,208~222호,교수·대학원연구실,
,공과대학 · 2-7 공과대학 7호관,2층,223호,학부사무실,
,공과대학 · 2-7 공과대학 7호관,2층,224호,전기공학과·전자공학부 사무실·조교 문의,행정공간
,공과대학 · 2-7 공과대학 7호관,2층,224-2호,컴퓨터인공지능학부 사무실·조교 문의,행정공간
,공과대학 · 2-7 공과대학 7호관,2층,225·226호,연구용실험실,
,공과대학 · 2-7 공과대학 7호관,2층,227·228호,공학강의실,
,공과대학 · 2-7 공과대학 7호관,3층,303~307호,전력시스템·에너지변환 연구·실험실,연구공간
,공과대학 · 2-7 공과대학 7호관,3층,314~328호,교수·대학원 연구실·강의실,교육·연구공간
,공과대학 · 2-7 공과대학 7호관,4층,403~407호,네트워크·제어·정보공학 강의·세미나·실험실,교육·연구공간
,공과대학 · 2-7 공과대학 7호관,4층,422~432호,교수연구실·시스템제어·공학설계실,교육·연구공간
,공과대학 · 2-7 공과대학 7호관,5층,505~508호,아날로그·무선·통신신호·정보마이닝 연구실,연구공간
,공과대학 · 2-7 공과대학 7호관,5층,519~532호,교수연구실·광공학·고주파회로 연구실,연구공간
,공과대학 · 2-7 공과대학 7호관,6층,601호,정보보호연구실,
,공과대학 · 2-7 공과대학 7호관,6층,602호,지능형데이터베이스연구실,
,공과대학 · 2-7 공과대학 7호관,6층,603·605호,대학원연구실,
,공과대학 · 2-7 공과대학 7호관,6층,604호,교수회의실,
,공과대학 · 2-7 공과대학 7호관,6층,606호,분산·이동컴퓨팅연구실,
,공과대학 · 2-7 공과대학 7호관,6층,607호,대학원강의실,
,공과대학 · 2-7 공과대학 7호관,6층,608호,IT정보공학과 연구실,
,공과대학 · 2-7 공과대학 7호관,6층,609~612·616~619·623~626호,교수·연구실,
,공과대학 · 2-7 공과대학 7호관,6층,613호,컴퓨터비전연구실,
,공과대학 · 2-7 공과대학 7호관,6층,614호,정보보호연구실,
,공과대학 · 2-7 공과대학 7호관,6층,615호,공실,
,공과대학 · 2-7 공과대학 7호관,6층,620호,소프트웨어융합컴퓨터공학부연구실,
,공과대학 · 2-7 공과대학 7호관,6층,621호,모바일실험실,
,공과대학 · 2-7 공과대학 7호관,6층,622호,LINUX실험실,
,공과대학 · 2-8 공과대학 8호관(자동차산학협동관),1층,101~113호,기계공장·풍력·동력전달·원자력·미래에너지융합 실험실 및 사업단 공간,실험·지원공간
,공과대학 · 2-8 공과대학 8호관(자동차산학협동관),2층,201호,공학교육혁신센터 행정실,
,공과대학 · 2-8 공과대학 8호관(자동차산학협동관),2층,202호,공학교육혁신센터 부센터장실,
,공과대학 · 2-8 공과대학 8호관(자동차산학협동관),2층,203호,공학교육혁신센터 홍보실,
,공과대학 · 2-8 공과대학 8호관(자동차산학협동관),2층,204-1호,공학교육혁신센터실,
,공과대학 · 2-8 공과대학 8호관(자동차산학협동관),2층,204-2호,공학교육혁신거점센터장실,
,공과대학 · 2-8 공과대학 8호관(자동차산학협동관),2층,205호,자동차협력원 대회의실,
,공과대학 · 2-8 공과대학 8호관(자동차산학협동관),2층,206호,제어계측실험실,
,공과대학 · 2-8 공과대학 8호관(자동차산학협동관),2층,207·211호,지능형로봇연구소,
,공과대학 · 2-8 공과대학 8호관(자동차산학협동관),2층,208호,열공학실험실,
,공과대학 · 2-8 공과대학 8호관(자동차산학협동관),2층,209·210호,IDEC강의실,
,공과대학 · 2-8 공과대학 8호관(자동차산학협동관),2층,212·213호,자동차협력원 화상강의실,
,공과대학 · 2-8 공과대학 8호관(자동차산학협동관),3층,301~317호,대학원강의실·산학협력원·커플링사업단 행정실·기능성복합재료·플라즈마·신재생에너지 실험실,교육·행정·연구공간
,공과대학 · 2-8 공과대학 8호관(자동차산학협동관),4층,401·402호,자동차협력원,
,공과대학 · 2-8 공과대학 8호관(자동차산학협동관),4층,403호,제어계측실,
,공과대학 · 2-8 공과대학 8호관(자동차산학협동관),4층,404호,기능성복합재료실험실,
,공과대학 · 2-8 공과대학 8호관(자동차산학협동관),4층,405호,공대공동시험소,
,공과대학 · 2-8 공과대학 8호관(자동차산학협동관),4층,406호,종합미디어정보강의실,
,공과대학 · 2-8 공과대학 8호관(자동차산학협동관),4층,407호,전기자동차실험실,
,공과대학 · 2-8 공과대학 8호관(자동차산학협동관),4층,408호,제어계측,
,공과대학 · 2-8 공과대학 8호관(자동차산학협동관),4층,408-1·408-2호,구조·에너지융합 공간,
,공과대학 · 2-8 공과대학 8호관(자동차산학협동관),4층,409호,전북LED협업기술 R&D센터,
,공과대학 · 2-8 공과대학 8호관(자동차산학협동관),4층,410·410-1·410-2호,IDEC실습실,
,공과대학 · 2-8 공과대학 8호관(자동차산학협동관),4층,414호,차세대장비기술센터,
,공과대학 · 2-8 공과대학 8호관(자동차산학협동관),4층,415호,교수연구실,
,공과대학 · 2-8 공과대학 8호관(자동차산학협동관),4층,416호,플라즈마공정개발실,
,공과대학 · 2-8 공과대학 8호관(자동차산학협동관),4층,417·418-1·418호,BIN융합 연구공간,
,공과대학 · 2-9 공과대학 9호관,1층,102호,터보추진실험실,연구공간
,공과대학 · 2-9 공과대학 9호관,1층,106~108호,기능성복합재료 연구·시험실·학생회실,연구·학생공간
,공과대학 · 2-9 공과대학 9호관,3층,304·304-1호,연구용 실험실,연구공간
,공과대학 · 2-9 공과대학 9호관,4층,411호,강구조신뢰성평가실험실,연구공간
,공과대학 · 2-9 공과대학 9호관,4층,412~414호,재료파괴·신뢰성·생체재료·제어계측 및 해석 실험실·준비실,연구공간
,공과대학 · 2-9 공과대학 9호관,4층,415·415-1호,연구용 실험실,연구공간
,공과대학 · 2-9 공과대학 9호관,5층,501~508호,항공우주 설계실습실·로봇실험실·공기역학실험실·교수연구실,교육·연구공간
,공과대학 · 2-9 공과대학 9호관,5층,509~512호,기계기구설계·나노에너지·생체시스템 실험실·준비실·세포배양실,연구공간
,공과대학 · 2-9 공과대학 9호관,6층,601·603~609호,교수연구실,
,공과대학 · 2-9 공과대학 9호관,6층,602호,전공학습실,
,공과대학 · 2-9 공과대학 9호관,6층,610·612호,세미나실,
,공과대학 · 2-9 공과대학 9호관,6층,611호,창의전공학생계실,
,공과대학 · 2-9 공과대학 9호관,6층,613호,실험준비실,
,공과대학 · 2-9 공과대학 9호관,6층,614호,전산공탄성·구조실험실,
,공과대학 · 2-9 공과대학 9호관,6층,615호,실험공력실험실,
,공과대학 · 2-9 공과대학 9호관,6층,616호,우주환경구조실험실,
,공과대학 · 2-9 공과대학 9호관,6층,617호,우주환경구조연구실,
,공과대학 · 2-9 공과대학 9호관,6층,618·619호,추진·연소실험실,
,공과대학 · 2-9 공과대학 9호관,6층,620호,항공우주공학과 사무실·조교 문의,행정공간
,공과대학 · 2-9 공과대학 9호관,6층,620-1호,자료실,
,공과대학 · 2-9 공과대학 9호관,7층,701~707호,교수연구실,
,공과대학 · 2-9 공과대학 9호관,7층,708호,대학원연구실,
,공과대학 · 2-9 공과대학 9호관,7층,709·710호,정보전자공학실험실,
,공과대학 · 2-9 공과대학 9호관,7층,711·712호,기능성복합재료실험실,
,공과대학 · 2-9 공과대학 9호관,7층,713호,지능형고분자나노소재실험실,
,공과대학 · 2-9 공과대학 9호관,7층,714호,정보디스플레이신뢰성실험실,
,공과대학 · 2-9 공과대학 9호관,7층,715·716호,정보디스플레이실험실,
,공과대학 · 2-9 공과대학 9호관,7층,717·718호,SPLEO실험실,
,공과대학 · 2-9 공과대학 9호관,7층,719호,고분자·나노공학과 사무실·조교 문의,행정공간
,공과대학 · 2-9 공과대학 9호관,7층,720호,교수회의실,
,공과대학 · 2-9 공과대학 9호관,8층,801호,교수연구실,
,공과대학 · 2-9 공과대학 9호관,8층,801-1호,나노융합 학과사무실·조교 문의,전화번호 공식 미공개
,공과대학 · 2-9 공과대학 9호관,8층,802·810·811호,교수연구실,
,공과대학 · 2-9 공과대학 9호관,8층,803호,도시공학 대학원강의실,
,공과대학 · 2-9 공과대학 9호관,8층,804호,모형제작실험실,
,공과대학 · 2-9 공과대학 9호관,8층,805호,교통공학실험실,
,공과대학 · 2-9 공과대학 9호관,8층,806호,도시개발실험준비실,
,공과대학 · 2-9 공과대학 9호관,8층,807호,도시개발실습실,
,공과대학 · 2-9 공과대학 9호관,8층,808호,연구용실험실,
,공과대학 · 2-9 공과대학 9호관,8층,809호,광전자연구실,
,공과대학 · 2-9 공과대학 9호관,8층,812·813호,DDS·조직공학실험실,
,공과대학 · 2-9 공과대학 9호관,8층,814·815호,의용생체공학실험실,
,공과대학 · 2-9 공과대학 9호관,8층,816호,Nanomedicine실험실,
,공과대학 · 2-9 공과대학 9호관,8층,817호,유기광전자소자실험실,
,공과대학 · 2-9 공과대학 9호관,9층,901~908호,교수·대학원·도시설계 연구실,
,공과대학 · 2-9 공과대학 9호관,9층,909호,컴퓨터실습실·단지계획실습 준비실,
,공과대학 · 2-9 공과대학 9호관,9층,910호,학생회실,
,공과대학 · 2-9 공과대학 9호관,9층,911호,연구용실험실,
,공과대학 · 2-9 공과대학 9호관,9층,912호,교수연구실,
,공과대학 · 2-9 공과대학 9호관,9층,913호,CAD실습실,
,공과대학 · 2-9 공과대학 9호관,9층,914~916호,도시설계실습실 1~3,
,공과대학 · 2-9 공과대학 9호관,9층,917호,도시공학과 사무실·조교 문의,행정공간
,공과대학 · 2-9 공과대학 9호관,9층,918호,자료실,
,공과대학 · 2-20 공과대학 부속공장,1층,101호,기계공장실,
,공과대학 · 2-20 공과대학 부속공장,1층,101-1호,실험실습지원실,
,공과대학 · 2-20 공과대학 부속공장,1층,101-2호,공구실,
,공과대학 · 2-20 공과대학 부속공장,1층,102호,연소공학실험실,
,공과대학 · 2-20 공과대학 부속공장,1층,102-1호,분석실1,
,공과대학 · 2-20 공과대학 부속공장,1층,103호,미래에너지융합·화학공학 연구실,
,공과대학 · 2-20 공과대학 부속공장,1층,103-1호,준비실,
,공과대학 · 2-20 공과대학 부속공장,1층,104호,건축구조실험실,
,공과대학 · 2-20 공과대학 부속공장,1층,104-1호,건축준비실,
,공과대학 · 2-20 공과대학 부속공장,1층,105호,만능시험기실,
,공과대학 · 2-20 공과대학 부속공장,1층,105-1호,만능시험기제어실,
,공과대학 · 2-20 공과대학 부속공장,1층,106호,토목수리실험실,
,공과대학 · 2-20 공과대학 부속공장,1층,106-1호,펌프제어실,
,공과대학 · 2-20 공과대학 부속공장,1층,X01·X02·211호,사무공간,
,공과대학 · 2-20 공과대학 부속공장,2층,201호,기계공작법·안전교육실,
,공과대학 · 2-20 공과대학 부속공장,2층,201-1호,용접실,
,공과대학 · 2-20 공과대학 부속공장,2층,201-2호,재단실,
,공과대학 · 2-20 공과대학 부속공장,2층,202호,미래에너지융합핵심센터,
,공과대학 · 2-20 공과대학 부속공장,2층,203호,건축실험제어실,
,공과대학 · 2-20 공과대학 부속공장,2층,204호,콘크리트공학연구실,
,공과대학 · 2-20 공과대학 부속공장,2층,205호,교육용실험실,
,공과대학 · 2-20 공과대학 부속공장,2층,206호,하드웨어설계실,
,공과대학 · 2-20 공과대학 부속공장,2층,207호,변전실,
,공과대학 · 2-20 공과대학 부속공장,2층,208호,분석실2,
,공과대학 · 2-20 공과대학 부속공장,3층,301~310호,창업보육실,
,공과대학 · 2-20 공과대학 부속공장,3층,311호,세미나실,
,공과대학 · 2-20 공과대학 부속공장,3층,312-2호,화장실,
,공과대학 · 2-20 공과대학 부속공장,3층,313호,물탱크실,
,공과대학 · 2-21 풍동실험실,전체,공식 홈페이지에 층·호실 정보가 공개되지 않음,현장 또는 공과대학 행정실 확인 필요,
,공과대학 · 2-22 무진동실험실,전체,공식 홈페이지에 층·호실 정보가 공개되지 않음,현장 또는 공과대학 행정실 확인 필요,
,공과대학 · 2-23 대형풍동센터,전체,공식 홈페이지에 층·호실 정보가 공개되지 않음,현장 또는 공과대학 행정실 확인 필요,
,간호대학 · 9-1 간호대학(간호임상센터),1층,101호,강의실·TBL학습실,교육공간
,간호대학 · 9-1 간호대학(간호임상센터),1층,102·103·105호,사랑·나눔·희망 사물함실,학생편의시설
,간호대학 · 9-1 간호대학(간호임상센터),1층,107호,둥지 휴게실,학생편의시설
,간호대학 · 9-1 간호대학(간호임상센터),2층,201·202호,대강의실,교육공간
,간호대학 · 9-1 간호대학(간호임상센터),2층,205호,간호학과 학과사무실·조교실,행정공간
,간호대학 · 9-1 간호대학(간호임상센터),2층,기초간호실습실,실습공간,
,간호대학 · 9-1 간호대학(간호임상센터),3층,301호,멀티미디어실,교육공간
,간호대학 · 9-1 간호대학(간호임상센터),3층,303호,대강의실,교육공간
,간호대학 · 9-1 간호대학(간호임상센터),3층,306·312호,강의실,교육공간
,간호대학 · 9-1 간호대학(간호임상센터),3층,정신간호시뮬레이션실습실,실습공간,
,간호대학 · 9-1 간호대학(간호임상센터),3층,간호관리시뮬레이션실습실,실습공간,
,간호대학 · 9-1 간호대학(간호임상센터),3층,방문간호실습실,실습공간,
,간호대학 · 9-1 간호대학(간호임상센터),4층,성인간호시뮬레이션실습실,실습공간,
,간호대학 · 9-1 간호대학(간호임상센터),4층,아동간호시뮬레이션실습실,실습공간,
,간호대학 · 9-1 간호대학(간호임상센터),4층,여성건강간호시뮬레이션실습실,실습공간,
,간호대학 · 9-1 간호대학(간호임상센터),4층,응급및재해간호실습실,실습공간,
,간호대학 · 9-1 간호대학(간호임상센터),4층,기본간호실습실,실습공간,
,간호대학 · 9-1 간호대학(간호임상센터),5층,501호,나이팅게일홀·대강당,공용·행사공간
,간호대학 · 9-1 간호대학(간호임상센터),5층,504·505·510·511호,강의실,교육공간
,간호대학 · 9-1 간호대학(간호임상센터),5층,506·507호,대학원 학습실,교육공간
,간호대학 · 의학도서관(공유 이용시설),3층,"간호대학 열람실, 학습공간), 제4열람실",간호대학 열람실,학습공간
